{
    "/workspace/models/Qwen2.5-7B-Instruct": {
        "wikitext2": 7.460968494415283,
        "c4": 10.889949798583984,
        "ptb": 13.404764175415039
    }
}