{
    "/workspace/models/Qwen2.5-7B-Instruct": {
        "wikitext2": 7.460968494415283,
        "c4_new": 12.541620254516602,
        "ptb": 13.404764175415039
    }
}